,Date,Open,High,Low,Close,Adj Close,Volume,SMA,STD_DEV,UB,LB,state
224,2019-10-15,1362.5,1370.0,1354.300049,1364.150024,1364.150024,4422075,1412.4849975000002,14.144655284124756,1440.7743080682496,1384.1956869317507,C
223,2019-10-14,1364.949951,1364.949951,1350.849976,1358.0,1358.0,6123412,1401.5799926000002,18.038660074940612,1437.6573127498814,1365.502672450119,C
222,2019-10-11,1363.699951,1365.599976,1336.550049,1352.599976,1352.599976,7587648,1393.4149902000001,21.114089104565164,1435.6431684091306,1351.1868119908697,B
221,2019-10-10,1325.0,1369.0,1321.0,1362.75,1362.75,16003744,1386.5699951000001,23.31594156320715,1433.2018782264145,1339.9381119735858,B
220,2019-10-09,1308.699951,1329.949951,1292.5,1324.75,1324.75,8040938,1375.4,25.450384731135735,1426.3007694622715,1324.4992305377286,B
219,2019-10-07,1308.099976,1320.800049,1301.699951,1310.099976,1310.099976,4599818,1367.1699952,27.02985820390166,1421.2297116078032,1313.1102787921966,C
218,2019-10-04,1319.900024,1328.599976,1303.849976,1308.099976,1308.099976,6853954,1356.5649903999997,28.195624434987522,1412.9562392699747,1300.1737415300247,B
217,2019-10-03,1286.0,1314.699951,1281.300049,1311.050049,1311.050049,6183107,1346.0349976999998,28.802256931672613,1403.639511563345,1288.4304838366547,B
216,2019-10-01,1337.0,1342.0,1293.300049,1304.900024,1304.900024,8192597,1336.8750000999999,28.726087316670696,1394.3271747333413,1279.4228254666584,B
215,2019-09-30,1310.0,1335.75,1305.550049,1332.25,1332.25,11549746,1332.8650025,27.659301753219502,1388.183606006439,1277.5463989935608,B
214,2019-09-27,1292.5,1315.0,1284.0,1309.050049,1309.050049,8712980,1327.355005,26.513715680347552,1380.382436360695,1274.3275736393048,B
213,2019-09-26,1292.0,1298.800049,1283.5,1296.800049,1296.800049,8389212,1321.2350098999998,25.468967625395514,1372.1729451507908,1270.2970746492088,B
212,2019-09-25,1284.0,1295.0,1268.849976,1279.550049,1279.550049,8316894,1313.9300171999998,24.298357484929614,1362.526732169859,1265.3333022301406,B
211,2019-09-24,1243.599976,1298.800049,1242.75,1278.699951,1278.699951,15982067,1305.5250122999998,22.886189406526476,1351.2973911130528,1259.752633486947,B
210,2019-09-23,1274.150024,1281.0,1235.0,1239.199951,1239.199951,9879751,1296.9700073999998,22.185895193186365,1341.3417977863726,1252.598217013627,C
209,2019-09-20,1187.949951,1269.900024,1174.300049,1254.349976,1254.349976,22019674,1291.3950074,21.168778051856624,1333.7325635037132,1249.0574512962867,B
208,2019-09-19,1207.849976,1209.699951,1172.650024,1179.050049,1179.050049,6293454,1278.4900146999998,21.752385669777695,1321.9947860395553,1234.9852433604444,C
207,2019-09-18,1204.949951,1216.300049,1197.199951,1205.699951,1205.699951,6827281,1267.9550049,23.355823572698295,1314.6666520453966,1221.2433577546033,C
206,2019-09-17,1211.0,1211.0,1193.5,1197.449951,1197.449951,7150435,1257.2099976,25.60962347712139,1308.4292445542428,1205.990750645757,C
205,2019-09-16,1189.0,1219.099976,1186.099976,1210.75,1210.75,9393731,1245.0599975999999,27.780576800331033,1300.6211512006619,1189.4988439993379,B
204,2019-09-13,1212.0,1228.5,1206.900024,1225.599976,1225.599976,5919260,1236.7149903,29.17587667247828,1295.0667436449564,1178.3632369550435,B
203,2019-09-12,1235.0,1240.449951,1205.699951,1210.349976,1210.349976,5431139,1228.0699829999999,29.924747478327276,1287.9194779566544,1168.2204880433453,B
202,2019-09-11,1222.5,1240.0,1222.5,1234.400024,1234.400024,5544468,1223.5549805,29.54338250062544,1282.6417455012509,1164.4682154987493,B
201,2019-09-09,1220.650024,1233.0,1213.150024,1222.199951,1222.199951,5370758,1217.9049805,28.537149807435746,1274.9792801148715,1160.8306808851285,B
200,2019-09-06,1203.0,1229.0,1195.25,1222.5,1222.5,10600234,1216.2349854,26.48053560418277,1269.1960566083656,1163.2739141916343,B
199,2019-09-05,1206.800049,1213.199951,1193.300049,1198.599976,1198.599976,10512763,1210.6599854,23.30756732995315,1257.2751200599064,1164.0448507400938,B
198,2019-09-04,1200.550049,1205.25,1186.050049,1201.150024,1201.150024,15063355,1212.8699829000002,19.649726732124147,1252.1694363642484,1173.570529435752,B
197,2019-09-03,1242.25,1243.0,1200.0,1206.400024,1206.400024,8563009,1212.9399902,15.639816425791947,1244.219623051584,1181.660357348416,B
196,2019-08-30,1245.5,1254.400024,1221.0,1248.550049,1248.550049,11308120,1218.05,11.288030912728031,1240.626061825456,1195.473938174544,A
195,2019-08-29,1256.449951,1260.25,1235.300049,1241.75,1241.75,8635974,1221.15,7.947168008738244,1237.0443360174766,1205.2556639825236,A
194,2019-08-28,1273.75,1281.0,1256.050049,1263.300049,1263.300049,5305639,1224.9200073,5.7247638660876845,1236.3695350321752,1213.4704795678247,A
193,2019-08-27,1285.0,1285.0,1261.199951,1274.849976,1274.849976,12984396,1231.3700073,6.385970314587052,1244.1419479291742,1218.5980666708258,A
192,2019-08-26,1294.0,1294.0,1259.0,1266.800049,1266.800049,8778739,1234.6100098,8.017284924566098,1250.644579649132,1218.5754399508678,A
191,2019-08-23,1239.0,1284.0,1226.5,1275.849976,1275.849976,9741262,1239.9750123,10.117429289493163,1260.2098708789863,1219.7401537210135,A
190,2019-08-22,1270.949951,1271.0,1238.900024,1246.75,1246.75,6414937,1242.4000122999998,11.648452308492821,1265.6969169169854,1219.1031076830143,B
189,2019-08-21,1275.650024,1278.650024,1266.5,1270.949951,1270.949951,4881553,1249.6350097999998,12.81814719994335,1275.2713041998866,1223.998715400113,B
188,2019-08-20,1289.800049,1292.599976,1272.599976,1275.949951,1275.949951,6843460,1257.1150025,14.265979199220654,1285.6469608984412,1228.5830441015587,B
187,2019-08-19,1281.050049,1296.800049,1280.0,1292.599976,1292.599976,7459859,1265.7349977,15.632045007781093,1296.9990877155622,1234.4709076844376,B
186,2019-08-16,1291.199951,1291.800049,1273.0,1278.0,1278.0,10047496,1268.6799927999998,16.45175360781858,1301.583500015637,1235.7764855843627,B
185,2019-08-14,1304.0,1304.449951,1280.349976,1288.25,1288.25,14487137,1273.3299928,16.825294439568097,1306.980581679136,1239.6794039208637,B
184,2019-08-13,1233.150024,1302.800049,1226.0,1274.75,1274.75,47923444,1274.4749878999999,16.30771877897447,1307.0904254579489,1241.8595503420509,B
183,2019-08-09,1161.849976,1175.5,1152.300049,1162.099976,1162.099976,10043949,1263.1999879,14.45957025035045,1292.119128400701,1234.280847399299,C
182,2019-08-08,1108.349976,1158.0,1095.300049,1152.349976,1152.349976,14262936,1251.7549806,12.389124225067519,1276.533229050135,1226.9767321498648,C
181,2019-08-07,1126.5,1138.550049,1103.099976,1109.400024,1109.400024,11588879,1235.1099854,13.267459108796817,1261.6449036175936,1208.5750671824062,C
180,2019-08-06,1134.75,1149.599976,1122.0,1128.300049,1128.300049,13288909,1223.2649903,16.720802664056762,1256.7065956281135,1189.8233849718863,C
179,2019-08-05,1167.0,1167.0,1128.0,1143.349976,1143.349976,13897461,1210.5049927999999,22.13703075144266,1254.7790543028852,1166.2309312971145,C
178,2019-08-02,1175.699951,1198.25,1162.099976,1184.349976,1184.349976,10865385,1201.3449952999997,27.23259330532397,1255.8101819106475,1146.8798086893519,B
177,2019-08-01,1163.400024,1188.199951,1150.349976,1180.25,1173.75,10344862,1190.1099977,31.532626743336348,1253.1752511866725,1127.0447442133272,B
176,2019-07-31,1175.75,1185.0,1162.400024,1166.25,1159.827148,9705619,1178.9349976999997,34.80437839527656,1248.5437544905528,1109.3262409094466,B
175,2019-07-30,1213.949951,1220.0,1175.949951,1180.900024,1174.3964839999999,9533344,1168.2000001,36.18057155968731,1240.5611432193746,1095.8388569806252,B
174,2019-07-29,1216.900024,1222.0,1205.099976,1210.949951,1204.280884,8058035,1161.8199952,34.73667569400287,1231.2933465880058,1092.3466438119942,B
173,2019-07-26,1231.5,1242.5,1210.0,1213.800049,1207.115356,9320481,1166.9900025,31.002787763767447,1228.9955780275347,1104.9844269724651,B
172,2019-07-25,1264.0,1269.050049,1227.0,1231.5,1224.717773,9968545,1174.9050049,25.44545708600767,1225.7959190720153,1124.0140907279847,A
171,2019-07-24,1273.5,1278.800049,1253.550049,1259.099976,1252.1657710000002,6943982,1189.8750000999999,20.24548330134657,1230.365966702693,1149.3840334973067,A
170,2019-07-23,1285.0,1293.900024,1260.400024,1273.550049,1266.536255,9287951,1204.4000001,17.08038938240798,1238.5607788648158,1170.239221335184,A
169,2019-07-22,1251.0,1284.5,1227.300049,1280.5,1273.447876,13300153,1218.1150025,18.470401179334186,1255.0558048586684,1181.1742001413315,A
168,2019-07-19,1268.199951,1272.949951,1242.699951,1249.0,1242.1213380000002,7468515,1224.5800049,21.84291182017289,1268.2658285403456,1180.8941812596543,B
167,2019-07-18,1282.0,1286.400024,1258.0,1261.849976,1254.900635,5459896,1232.7400025,26.092033579715082,1284.9240696594302,1180.5559353405697,B
166,2019-07-17,1294.300049,1297.0,1280.0,1281.849976,1274.790405,4334958,1244.3000000999998,30.28964674764712,1304.879293595294,1183.7207066047056,B
165,2019-07-16,1279.949951,1294.900024,1277.050049,1293.0,1285.8790279999998,4604019,1255.5099976999998,33.01642352557651,1321.5428447511529,1189.4771506488466,B
164,2019-07-15,1285.0,1289.5,1270.349976,1276.099976,1269.072144,4873164,1262.0250001999998,32.877446953621224,1327.7798941072422,1196.2701062927574,B
163,2019-07-12,1283.0,1300.0,1278.050049,1280.5,1273.447876,7174054,1268.6949952999998,31.261171241358564,1331.2173377827169,1206.1726528172828,B
162,2019-07-11,1287.0,1289.800049,1279.300049,1281.550049,1274.4921880000002,3935460,1273.7000001999997,28.254092381751047,1330.208184963502,1217.1918154364976,B
161,2019-07-10,1280.050049,1289.349976,1268.699951,1278.849976,1271.807007,5494315,1275.6750001999997,25.06848217754453,1325.8119645550887,1225.5380358449106,B
160,2019-07-09,1248.949951,1283.5,1245.5,1280.099976,1273.050049,8016757,1276.3299928999998,21.93818483776476,1320.2063625755293,1232.4536232244702,B
159,2019-07-08,1258.0,1268.099976,1248.199951,1252.050049,1245.154663,6404544,1273.4849977999997,18.88312148292732,1311.2512407658544,1235.718754834145,B
158,2019-07-05,1285.099976,1290.5,1260.0,1263.349976,1256.392334,4995344,1274.9199953999996,15.10794704739656,1305.1358894947928,1244.7041013052064,B
157,2019-07-04,1281.400024,1291.0,1280.0,1284.0,1276.928589,4275148,1277.1349977999996,10.932941422422914,1299.0008806448454,1255.2691149551538,B
156,2019-07-03,1282.900024,1286.5,1275.050049,1282.550049,1275.486694,4026032,1277.2050050999997,7.294213324277504,1291.7934317485547,1262.6165784514446,B
155,2019-07-02,1273.949951,1281.0,1263.300049,1278.5,1271.4589839999999,4638751,1275.7550050999996,4.732682414060664,1285.220369928121,1266.2896402718782,B
154,2019-07-01,1258.050049,1272.650024,1246.449951,1268.849976,1261.862061,6162080,1275.0300050999997,2.4839915576402896,1279.9979882152802,1270.0620219847192,C
153,2019-06-28,1277.099976,1282.849976,1248.650024,1253.099976,1246.19873,8659721,1272.2900026999996,1.609653397292575,1275.5093094945848,1269.0706959054144,C
152,2019-06-27,1293.150024,1296.900024,1271.0,1274.150024,1267.1329349999999,11385972,1271.5500001999997,1.9357702074294036,1275.4215406148585,1267.6784597851408,B
151,2019-06-26,1291.0,1304.599976,1286.349976,1294.150024,1287.022705,5299942,1273.0800049999998,1.9988285174255995,1277.077662034851,1269.0823479651485,A
150,2019-06-25,1258.900024,1298.0,1254.25,1295.849976,1288.7133789999998,6842363,1274.6550049999998,1.913366176808951,1278.4817373536177,1270.828272646382,A
149,2019-06-24,1272.150024,1276.449951,1257.099976,1262.400024,1255.447632,5150998,1275.6900025,1.9091036141017919,1279.5082097282036,1271.8717952717964,C
148,2019-06-21,1295.949951,1296.0,1275.550049,1279.5,1272.4533689999998,10623098,1277.3050048999999,2.0769377302101946,1281.4588803604202,1273.1511294395796,B
147,2019-06-20,1280.0,1300.0,1278.0,1296.75,1289.608398,4914012,1278.5800049,2.284259756660869,1283.1485244133216,1274.0114853866783,A
146,2019-06-19,1286.900024,1302.0,1262.599976,1277.349976,1270.315186,6625604,1278.0599975999999,2.3850011672752367,1282.8299999345504,1273.2899952654493,B
145,2019-06-18,1278.900024,1287.949951,1269.099976,1281.0,1273.9451900000001,7679193,1278.3099975999999,2.5800057920727366,1283.4700091841453,1273.1499860158544,B
144,2019-06-17,1320.0,1320.0,1278.5,1282.300049,1275.2380369999998,6815554,1279.6550049,2.891139790168431,1285.4372844803368,1273.8727253196632,B
143,2019-06-14,1321.900024,1325.0,1309.400024,1317.550049,1310.293945,6831331,1286.1000122,4.037068731705532,1294.174149663411,1278.025874736589,A
142,2019-06-13,1330.0,1334.699951,1308.650024,1327.25,1319.94043,7171189,1291.4100098,5.510884563284514,1302.431778926569,1280.3882406734308,A
141,2019-06-12,1334.699951,1338.400024,1325.0,1332.150024,1324.813477,4707716,1295.2100097999999,6.987932729230306,1309.1858752584606,1281.2341443415391,A
140,2019-06-11,1321.849976,1334.5,1318.0,1329.150024,1321.829956,5253790,1298.5400146,8.340388993943852,1315.2207925878877,1281.8592366121122,A
139,2019-06-10,1320.900024,1327.0,1310.099976,1319.150024,1311.885132,5380148,1304.2150146,9.948675454747349,1324.1123655094946,1284.3176636905052,B
138,2019-06-07,1325.949951,1327.25,1305.599976,1314.900024,1307.658447,6730595,1307.755017,11.307655672519664,1330.3703283450393,1285.1397056549606,B
137,2019-06-06,1361.900024,1361.900024,1321.099976,1327.349976,1320.039917,7664319,1310.8150146,12.309273266081476,1335.433561132163,1286.196468067837,B
136,2019-06-04,1357.449951,1374.25,1348.099976,1351.650024,1344.206055,7059911,1318.2450194,13.39869095929317,1345.0424013185864,1291.4476374814137,A
135,2019-06-03,1335.0,1367.25,1321.199951,1360.199951,1352.7089839999999,8483610,1326.1650145,14.474322820027265,1355.1136601400547,1297.2163688599455,A
134,2019-05-31,1337.900024,1341.900024,1320.199951,1330.150024,1322.8244630000002,11760178,1330.9500120000002,14.834752621157469,1360.6195172423152,1301.2805067576853,B
133,2019-05-30,1316.25,1342.0,1316.25,1329.75,1322.426636,10740841,1332.1700071000002,14.797091852410086,1361.7641908048204,1302.5758233951801,B
132,2019-05-29,1321.0,1333.300049,1304.150024,1313.050049,1305.818726,7112830,1330.7500120000002,14.059550626026034,1358.8691132520523,1302.630910747948,B
131,2019-05-28,1319.800049,1334.800049,1313.349976,1323.75,1316.459717,19472659,1329.9100096000002,12.718653444294892,1355.34731648859,1304.4727027114104,B
130,2019-05-27,1337.099976,1337.5,1307.0,1310.650024,1303.431885,7349720,1328.0600096000003,10.724166426772538,1349.5083424535453,1306.6116767464553,B
129,2019-05-24,1348.0,1353.800049,1316.5,1336.849976,1329.487549,10180759,1329.8300048,8.940564437854508,1347.711133675709,1311.948875924291,B
128,2019-05-23,1372.0,1392.0,1325.0,1333.900024,1326.553833,17722514,1331.7300048000002,6.956047830747601,1345.6421004614954,1317.817909138505,B
127,2019-05-22,1345.650024,1359.699951,1335.099976,1340.400024,1333.018066,11287400,1333.0350096000002,4.303541182718582,1341.6420919654374,1324.427927234563,B
126,2019-05-21,1332.199951,1367.0,1330.050049,1339.800049,1332.4213869999999,13872055,1331.8500121000002,2.0636551690762275,1335.9773224381527,1327.7227017618477,A
125,2019-05-20,1313.599976,1337.699951,1303.5,1325.900024,1318.5979,12333937,1328.4200194,1.6193886504467918,1331.6587967008936,1325.1812420991064,B
124,2019-05-17,1267.0,1276.949951,1252.0,1267.400024,1260.420044,7898440,1322.1450194000001,3.135014749315826,1328.4150488986318,1315.8749899013685,C
123,2019-05-16,1259.949951,1271.900024,1258.099976,1265.349976,1258.3813480000001,6606652,1315.705017,5.313169557093054,1326.331356114186,1305.078677885814,C
122,2019-05-15,1273.0,1278.0,1250.599976,1256.900024,1249.977905,11163801,1310.0900145,7.677668263794593,1325.4453510275891,1294.734677972411,C
121,2019-05-14,1236.5,1269.349976,1231.5,1260.449951,1253.508301,13001004,1303.7600096,10.249769316775046,1324.2595482335503,1283.26047096645,C
120,2019-05-13,1247.900024,1260.800049,1227.5,1232.050049,1225.264771,8047801,1295.9000121000001,13.252453932951646,1322.4049199659034,1269.3951042340968,C
119,2019-05-10,1265.0,1277.699951,1245.0,1251.150024,1244.2595210000002,11226831,1287.3300169000001,16.301585688125698,1319.9331882762515,1254.7268455237488,C
118,2019-05-09,1288.800049,1288.800049,1251.75,1256.449951,1249.530273,19507368,1279.5850096000001,18.85034654273,1317.2857026854601,1241.8843165145402,B
117,2019-05-08,1340.0,1340.0,1292.199951,1299.449951,1292.293457,14610543,1275.4900023000002,20.04774183868361,1315.5854859773674,1235.394518622633,B
116,2019-05-07,1394.800049,1395.0,1340.199951,1343.5,1336.100952,8876945,1275.8599974000003,19.536339193197286,1314.9326757863948,1236.7873190136058,A
115,2019-05-06,1398.0,1402.800049,1378.099976,1384.900024,1377.272949,7237910,1281.7599974000002,17.285093341404036,1316.3301840828083,1247.1898107171921,A
114,2019-05-03,1407.949951,1417.5,1402.650024,1408.849976,1401.091064,6510169,1295.9049926000002,14.420739660683134,1324.7464719213665,1267.063513278634,A
113,2019-05-02,1392.0,1413.900024,1382.099976,1405.050049,1397.3120119999999,8682505,1309.8749999000001,13.44711231877694,1336.769224537554,1282.9807752624463,A
112,2019-04-30,1396.400024,1396.400024,1366.800049,1392.800049,1385.129517,10217019,1323.4650024,15.931179816302288,1355.3273620326045,1291.6026427673955,A
111,2019-04-26,1375.0,1395.949951,1370.699951,1392.800049,1385.129517,6889444,1336.7000122,21.02030814694374,1378.7406284938875,1294.6593959061124,A
110,2019-04-25,1389.099976,1412.400024,1362.599976,1372.400024,1364.841797,13929820,1350.7350097,27.18536171860384,1405.1057331372078,1296.3642862627923,B
109,2019-04-24,1370.300049,1394.800049,1366.25,1389.5,1381.8476560000001,7360887,1364.5700073,33.00756033460783,1430.5851279692156,1298.5548866307845,B
108,2019-04-23,1348.0,1373.0,1346.0,1363.849976,1356.338867,9055300,1375.3100098,37.0366363835656,1449.3832825671311,1301.2367370328689,B
107,2019-04-22,1360.0,1367.0,1341.300049,1345.349976,1337.940796,10792748,1379.9000122999998,38.11947432344211,1456.138960946884,1303.6610636531157,B
106,2019-04-18,1375.0,1389.75,1365.0,1385.949951,1378.317139,17960482,1384.1450074,36.566583217636435,1457.2781738352728,1311.011840964727,B
105,2019-04-16,1345.0,1360.0,1340.0,1343.75,1336.3496089999999,7936553,1380.0300049999998,32.028383793899046,1444.086772587798,1315.9732374122018,B
104,2019-04-15,1345.0,1348.949951,1335.0,1340.150024,1332.769409,4245127,1373.1600098,26.32241647870003,1425.8048427574,1320.5151768425999,B
103,2019-04-12,1350.0,1356.900024,1336.650024,1343.099976,1335.703125,5919742,1366.9650024999999,20.271343743842472,1407.507689987685,1326.4223150123148,B
102,2019-04-11,1332.949951,1353.0,1329.0,1346.800049,1339.3828130000002,5741333,1362.3650025,14.703240649570256,1391.7714837991405,1332.9585212008594,B
101,2019-04-10,1337.949951,1348.0,1326.5,1331.400024,1324.067627,7612711,1356.225,11.007092273107341,1378.2391845462146,1334.2108154537852,C
100,2019-04-09,1328.900024,1340.699951,1321.0,1334.449951,1327.100708,9497621,1352.4299927,10.697447210566711,1373.8248871211333,1331.0350982788666,B
99,2019-04-08,1356.0,1357.5,1323.699951,1329.25,1321.929443,8723577,1346.4049927,12.937283028467162,1372.2795587569344,1320.5304266430658,B
98,2019-04-05,1360.949951,1363.900024,1343.0,1353.900024,1346.443726,6728239,1345.4099975000001,14.358512866024341,1374.127023232049,1316.6929717679513,B
97,2019-04-04,1379.0,1383.699951,1347.25,1353.050049,1345.598389,8375674,1346.1800048,14.352638837278185,1374.8852824745563,1317.4747271254437,B
96,2019-04-03,1392.75,1403.0,1372.0,1375.199951,1367.626343,7849461,1345.1050048000002,12.668487311980577,1370.4419794239614,1319.768030176039,A
95,2019-04-02,1398.0,1403.099976,1380.099976,1389.699951,1382.046509,8012636,1349.6999999000002,10.007027065240075,1369.7140540304804,1329.68594576952,A
94,2019-04-01,1370.0,1406.800049,1362.550049,1391.849976,1384.184692,10098281,1354.8699951,7.571104544848782,1370.0122041896977,1339.7277860103025,A
93,2019-03-28,1350.25,1369.800049,1342.800049,1360.0,1352.510132,10482938,1356.5599975,5.903657301281497,1368.367312102563,1344.7526828974371,B
92,2019-03-27,1377.949951,1377.949951,1344.25,1349.25,1341.819336,10094174,1356.8049926,4.954905633432469,1366.714803866865,1346.8951813331353,B
91,2019-03-26,1330.300049,1371.599976,1330.0,1367.25,1359.720215,9479288,1360.3899902,5.581264623691471,1371.552519447383,1349.227460952617,B
90,2019-03-25,1330.599976,1336.849976,1316.699951,1324.449951,1317.1557619999999,7951992,1359.3899902,6.132712104960422,1371.655414409921,1347.1245659900792,C
89,2019-03-22,1372.5,1380.900024,1336.699951,1341.75,1334.360596,11465112,1360.6399902,6.317990385890727,1373.2759709717816,1348.0040094282185,C
88,2019-03-20,1377.800049,1388.0,1364.0,1375.449951,1367.875,9892823,1362.7949829000002,6.2343501582550855,1375.2636832165103,1350.32628258349,A
87,2019-03-19,1360.0,1380.0,1343.099976,1376.550049,1368.9689939999998,9805318,1365.1449829,6.052820026731286,1377.2506229534627,1353.0393428465375,B
86,2019-03-18,1331.0,1357.949951,1329.0,1350.050049,1342.61499,10105234,1362.6299927,4.525438236542227,1371.6808691730844,1353.5791162269156,C
85,2019-03-15,1345.0,1358.800049,1311.199951,1321.650024,1314.3713380000002,15893093,1355.825,3.4233245981522766,1362.6716491963045,1348.9783508036955,C
84,2019-03-14,1349.75,1362.0,1336.099976,1341.550049,1334.161743,10402048,1350.7950073,4.19248589406699,1359.179979088134,1342.410035511866,C
83,2019-03-13,1337.0,1360.0,1328.099976,1347.300049,1339.880127,11236048,1349.5250122,5.147133401330166,1359.8192790026603,1339.2307453973397,B
82,2019-03-12,1316.900024,1334.0,1314.25,1331.349976,1324.017822,11228736,1347.7350098,6.158096769150702,1360.0512033383013,1335.4188162616986,C
81,2019-03-11,1270.050049,1312.0,1268.0,1304.099976,1296.9179689999999,9718840,1341.4200073999998,7.853054033642027,1357.1261154672839,1325.7138993327158,C
80,2019-03-08,1266.050049,1274.449951,1262.0,1267.099976,1260.121704,6040052,1335.6850098999998,9.891691797081824,1355.4683934941636,1315.901626305836,C
79,2019-03-07,1264.0,1279.800049,1258.150024,1270.25,1263.254395,8109259,1328.5350098999997,12.16460014404195,1352.8642101880837,1304.2058096119158,C
78,2019-03-06,1239.800049,1273.099976,1235.099976,1264.800049,1257.8344730000001,12038231,1317.4700196999997,14.987647718821036,1347.4453151376417,1287.4947242623577,C
77,2019-03-05,1223.400024,1239.800049,1218.599976,1237.650024,1230.8339839999999,7121509,1303.5800171999997,18.29118927657475,1340.1623957531492,1266.9976386468502,C
76,2019-03-01,1237.0,1242.349976,1222.25,1226.050049,1219.297852,7922513,1291.1800171999998,21.793734984437855,1334.7674871688755,1247.5925472311242,C
75,2019-02-28,1233.75,1239.849976,1226.550049,1231.050049,1224.270264,11286916,1282.1200196999996,25.116704782613255,1332.3534292652262,1231.886610134773,C
74,2019-02-27,1228.050049,1244.900024,1209.0,1223.5,1216.761841,11113182,1270.3150147999997,28.525887731655043,1327.36679026331,1213.2632393366896,B
73,2019-02-26,1209.5,1234.800049,1206.0,1220.25,1213.529785,10131050,1257.6100098999998,31.4523168297935,1320.5146435595868,1194.7053762404128,B
72,2019-02-25,1236.0,1243.0,1220.650024,1232.300049,1225.513428,7852528,1247.7050171999997,33.11968989387311,1313.944396987746,1181.4656374122535,B
71,2019-02-22,1244.599976,1245.300049,1226.0,1232.349976,1225.56311,8755865,1240.5300171999997,33.637728236441745,1307.8054736728832,1173.2545607271163,B
70,2019-02-21,1236.0,1257.800049,1229.349976,1246.900024,1240.032959,10580178,1238.510022,32.166496207833134,1302.8430144156662,1174.1770295843337,B
69,2019-02-20,1223.849976,1240.0,1219.0,1234.349976,1227.552002,6298179,1234.9200195999997,29.234867889549545,1293.3897553790987,1176.4502838209007,B
68,2019-02-19,1218.0,1239.699951,1211.199951,1216.099976,1209.4025880000002,6244189,1230.0500122999997,25.7976753246284,1281.6453629492564,1178.454661650743,B
67,2019-02-18,1250.0,1252.5,1215.0,1220.099976,1213.380493,9649017,1228.2950074999997,22.30219222006921,1272.899391940138,1183.6906230598613,B
66,2019-02-15,1229.75,1249.900024,1214.0,1244.449951,1237.596436,9597961,1230.1349976999998,18.444888419026924,1267.0247745380536,1193.2452208619459,B
65,2019-02-14,1241.0,1241.0,1218.0,1224.199951,1217.457886,6627360,1229.4499879,13.967271050413885,1257.3845300008277,1201.5154457991723,B
64,2019-02-12,1251.5,1272.349976,1251.5,1256.400024,1249.4807130000002,6399485,1232.7399903,9.45630272742245,1251.652595754845,1213.8273848451552,A
63,2019-02-11,1275.900024,1276.0,1251.0,1253.25,1246.3480220000001,7523999,1236.0399903,6.093535456645906,1248.2270612132918,1223.8529193867082,A
62,2019-02-08,1284.800049,1300.5,1272.25,1277.699951,1270.66333,6505502,1240.5799805000001,4.672699983307583,1249.9253804666153,1231.234580533385,A
61,2019-02-07,1310.25,1321.199951,1286.099976,1290.400024,1283.293457,9212227,1246.3849853000002,5.796186731699907,1257.9773587634,1234.7926118366004,A
60,2019-02-06,1296.25,1317.650024,1294.25,1310.25,1303.034058,9411585,1252.7199829,8.110862760210326,1268.9417084204208,1236.4982573795794,A
59,2019-02-05,1292.0,1304.400024,1278.599976,1291.550049,1284.437134,9362406,1258.4399902,10.71321725693515,1279.8664247138704,1237.0135556861296,A
58,2019-02-04,1247.0,1296.949951,1242.050049,1290.900024,1283.790649,11670570,1265.9199950000002,13.274577758193352,1292.469150516387,1239.3708394836135,B
57,2019-02-01,1234.0,1255.0,1227.050049,1249.949951,1243.0661619999998,9228965,1268.9049925000004,14.724655017058062,1298.3543025341164,1239.4556824658844,B
56,2019-01-31,1202.0,1229.699951,1201.0,1227.150024,1220.391724,10185347,1267.1749998000003,14.911161391549237,1296.9973225830988,1237.3526770169017,C
55,2019-01-30,1215.0,1225.0,1191.099976,1195.699951,1189.114868,7846940,1264.3249998000003,13.63751034725599,1291.6000204945124,1237.0499791054883,C
54,2019-01-29,1231.0,1231.650024,1201.349976,1210.650024,1203.982666,9328866,1259.7499998000003,11.635805265503487,1283.0216103310072,1236.4783892689934,C
53,2019-01-28,1250.5,1255.949951,1222.400024,1229.550049,1222.778564,8569265,1257.3800047000002,9.282399829027616,1275.9448043580555,1238.8152050419449,C
52,2019-01-25,1250.449951,1264.699951,1235.400024,1246.0,1239.137939,8550836,1254.2100096000001,7.176263327109914,1268.56253625422,1239.8574829457802,B
51,2019-01-24,1225.0,1253.199951,1220.099976,1247.449951,1240.579834,13155185,1249.9150023000002,6.514624865080258,1262.9442520301607,1236.8857525698397,B
50,2019-01-23,1233.300049,1244.199951,1222.0,1226.300049,1219.546509,8829502,1241.5200072000002,8.53169337917234,1258.583393958345,1224.4566204416556,B
49,2019-01-22,1232.849976,1246.949951,1219.599976,1235.150024,1228.3476560000001,16552819,1235.8800047000002,11.191931099187524,1258.2638668983752,1213.4961425016252,B
48,2019-01-21,1194.0,1239.949951,1188.650024,1237.699951,1230.883545,22038534,1230.5599974000002,13.276156783831453,1257.112310967663,1204.0076838323373,B
47,2019-01-18,1148.800049,1189.900024,1135.25,1184.349976,1177.827393,25684142,1223.9999999000001,14.792189434136489,1253.5843787682732,1194.4156210317271,C
46,2019-01-17,1144.449951,1147.900024,1130.0,1134.449951,1128.202148,7487963,1214.7299926,16.60957092714972,1247.9491344542994,1181.5108507457007,C
45,2019-01-16,1135.0,1145.0,1130.349976,1135.900024,1129.6442869999998,6382777,1208.7499999000001,18.004878031838217,1244.7597559636765,1172.7402438363238,C
44,2019-01-15,1105.0,1132.0,1105.0,1129.650024,1123.428711,10062875,1200.6499999000002,19.582290263944866,1239.81458042789,1161.4854193721105,C
43,2019-01-14,1095.0,1100.5,1086.400024,1096.800049,1090.759644,4111782,1187.3749999000001,21.793726418883374,1230.9624527377669,1143.7875470622334,C
42,2019-01-11,1107.599976,1113.800049,1088.599976,1098.050049,1092.002808,6463903,1172.5800048,24.638810002415674,1221.8576248048314,1123.3023847951688,C
41,2019-01-10,1107.75,1111.0,1103.0,1107.5,1101.400635,4080283,1158.5850097,27.65791248769248,1213.9008346753849,1103.2691847246151,B
40,2019-01-09,1112.0,1117.0,1098.699951,1110.75,1104.6328130000002,5766805,1147.0300048000001,30.703008403135378,1208.436021606271,1085.6239879937293,B
39,2019-01-08,1105.099976,1109.949951,1096.0,1104.650024,1098.5664060000001,5625153,1133.9800048000002,33.51986149793449,1201.0197277958691,1066.9402818041312,B
38,2019-01-07,1107.0,1118.449951,1101.0,1104.75,1098.6657710000002,5513559,1120.6850097000001,35.87982656211526,1192.4446628242306,1048.9253565757697,B
37,2019-01-04,1097.400024,1104.449951,1081.099976,1098.650024,1092.599487,8465141,1112.1150145000001,36.96681415008596,1186.048642800172,1038.1813861998282,B
36,2019-01-03,1107.5,1114.599976,1090.099976,1092.75,1086.731934,7446457,1107.9450194,36.635134813397386,1181.2152890267948,1034.6747497732053,B
35,2019-01-02,1114.5,1127.0,1101.0,1106.400024,1100.306763,7144970,1104.9950194,34.33138549113768,1173.6577903822754,1036.3322484177247,B
34,2019-01-01,1125.25,1127.300049,1110.099976,1121.0,1114.826294,4455850,1104.130017,30.13164823961171,1164.3933134792235,1043.8667205207764,B
33,2018-12-31,1130.949951,1133.849976,1116.199951,1121.25,1115.074951,7222817,1106.5750121,24.886074715074674,1156.3471615301494,1056.8028626698508,B
32,2018-12-28,1125.5,1135.25,1121.199951,1125.550049,1119.351318,7666016,1109.3250121,19.41117225302332,1148.1473566060467,1070.5026675939534,B
31,2018-12-27,1107.199951,1127.0,1104.0,1120.199951,1114.03064,12478000,1110.5950072,14.189134396073479,1138.973275992147,1082.2167384078532,B
30,2018-12-26,1085.800049,1100.0,1065.650024,1098.349976,1092.301025,7210059,1109.3550048000002,9.01578585804792,1127.386576516096,1091.3234330839043,B
29,2018-12-24,1100.900024,1103.199951,1086.550049,1089.150024,1083.151733,4144535,1107.8050048,4.666118972606217,1117.1372427452125,1098.4727668547876,C
28,2018-12-21,1125.0,1131.25,1096.0,1100.199951,1094.1408689999998,8281941,1107.3499999,2.443956287552365,1112.2379124751048,1102.4620873248953,C
27,2018-12-20,1121.0,1132.5,1116.150024,1128.449951,1122.235229,5764731,1110.3299926000002,2.1602742216052095,1114.6505410432105,1106.0094441567899,A
26,2018-12-19,1141.5,1147.300049,1133.199951,1136.800049,1130.539307,7368799,1114.7349975000002,3.0716215832547307,1120.8782406665096,1108.5917543334908,A
25,2018-12-18,1123.300049,1139.0,1120.5,1136.400024,1130.141479,5870928,1117.7349975000002,3.9607278665445236,1125.6564532330892,1109.8135417669112,A
24,2018-12-17,1115.949951,1133.0,1111.5,1129.900024,1123.677368,5064357,1118.6249999000001,4.295941923054292,1127.2168837461088,1110.0331160538915,A
23,2018-12-14,1103.099976,1114.900024,1091.800049,1112.199951,1106.074707,7221324,1117.7199950000002,4.394899550920344,1126.509794101841,1108.9301958981594,B
22,2018-12-13,1128.0,1128.0,1095.050049,1107.050049,1100.9532470000001,9297518,1115.8699950000002,4.380439119511127,1124.6308732390225,1107.109116760978,C
21,2018-12-12,1099.0,1113.5,1087.75,1110.5,1104.384155,12605431,1114.8999999000002,4.327735103362899,1123.555470106726,1106.2445296932744,B
20,2018-12-11,1066.0,1102.099976,1055.0,1097.550049,1091.505493,13494665,1114.8200072000002,4.092906036262127,1123.0058192725244,1106.634195127476,C
19,2018-12-10,1110.0,1114.300049,1083.099976,1090.25,1084.2457279999999,9381544,1114.9300048,3.4694550411415412,1121.868914882283,1107.991094717717,C
18,2018-12-07,1129.449951,1136.949951,1108.349976,1133.800049,1127.555908,7214078,1118.2900146,2.4765248749141326,1123.2430643498283,1113.3369648501716,A
17,2018-12-06,1149.0,1149.0,1118.25,1123.650024,1117.461792,5866108,1117.8100219,1.625833688153499,1121.061689276307,1114.558354523693,A
16,2018-12-05,1143.75,1158.800049,1139.300049,1155.150024,1148.78833,5819618,1119.6450194000001,1.7552427411512732,1123.1555048823027,1116.1345339176976,A
15,2018-12-04,1158.0,1158.0,1142.199951,1152.300049,1145.953979,5192825,1121.2350219,2.2024361634792826,1125.6398942269586,1116.8301495730414,A
14,2018-12-03,1174.900024,1174.900024,1148.5,1156.449951,1150.081055,5569578,1123.8900146,3.012331763832658,1129.9146781276654,1117.8653510723348,A
13,2018-11-30,1172.300049,1186.0,1162.300049,1167.550049,1161.119995,10717448,1129.4250244,4.7199642982401055,1138.8649529964803,1119.9850958035197,A
12,2018-11-29,1161.0,1179.900024,1160.0,1168.5,1162.064697,12636169,1135.5700195,6.8576842043399395,1149.28538790868,1121.85465109132,A
11,2018-11-28,1132.449951,1157.75,1126.300049,1152.650024,1146.302002,8003964,1139.7850219,8.65657883108684,1157.0981795621735,1122.4718642378264,B
10,2018-11-27,1107.900024,1130.0,1105.449951,1128.199951,1121.986572,6810228,1142.8500121000002,9.95934198400148,1162.7686960680032,1122.9313281319971,B
9,2018-11-26,1109.0,1117.5,1097.400024,1109.75,1103.638306,6386556,1144.8000121,10.613819562538064,1166.0276512250762,1123.5723729749238,C
8,2018-11-22,1114.5,1125.349976,1100.099976,1102.849976,1096.776245,5792568,1141.7050048,10.489735335806065,1162.6844754716121,1120.725534128388,C
7,2018-11-21,1137.5,1145.5,1107.050049,1112.900024,1106.7709960000002,7507812,1140.6300048,9.582096790778678,1159.7941983815574,1121.4658112184427,C
6,2018-11-20,1145.0,1155.900024,1130.0,1137.400024,1131.135986,5719901,1138.8550048000002,8.224208108161104,1155.3034210163223,1122.406588583678,B
5,2018-11-19,1132.900024,1151.699951,1131.0,1150.0,1143.666626,7308981,1138.6249999000001,6.426919930892398,1151.478839761785,1125.7711600382154,B
4,2018-11-16,1097.949951,1129.949951,1097.099976,1127.400024,1121.1911619999998,11031889,1135.7200072,4.384363729762198,1144.4887346595244,1126.9512797404757,B
3,2018-11-15,1096.949951,1103.0,1086.5,1096.849976,1090.809326,6831740,1128.6499999000002,4.571295320646453,1137.792590541293,1119.5074092587074,C
2,2018-11-14,1105.050049,1112.650024,1085.5,1097.949951,1091.903198,7787530,1121.5949950000002,7.0856368757557995,1135.7662687515117,1107.4237212484886,C
1,2018-11-13,1074.0,1103.0,1070.050049,1099.449951,1093.39502,6811598,1116.2749877,9.623299920995564,1135.5215875419913,1097.028387858009,B
0,2018-11-12,1097.699951,1098.800049,1074.550049,1080.0,1074.052124,5801720,1111.4549926000002,11.67047053429045,1134.795933668581,1088.1140515314194,C
